{"cameraMode":{"drawMode":0,"name":"Shaded","section":"Shading Mode"},"sceneLighting":true,"audioPlay":false,"sceneViewState":{"showFog":true,"showMaterialUpdate":false,"showSkybox":true,"showFlares":true,"showImageEffects":true,"showParticleSystems":true},"in2DMode":false,"pivot":{"x":-0.15697497129440309,"y":-2.700901508331299,"z":4.308008670806885},"rotation":{"x":0.4043675661087036,"y":-0.020575663074851037,"z":0.009099788963794709,"w":0.9143218994140625},"size":20.645565032958986,"orthographic":false}