{"cameraMode":{"drawMode":0,"name":"Shaded","section":"Shading Mode"},"sceneLighting":true,"audioPlay":false,"sceneViewState":{"showFog":true,"showMaterialUpdate":false,"showSkybox":true,"showFlares":true,"showImageEffects":true,"showParticleSystems":true},"in2DMode":false,"pivot":{"x":214.07960510253907,"y":158.9961700439453,"z":20.363142013549806},"rotation":{"x":0.12477479130029679,"y":-0.012505653314292431,"z":0.0015674553578719497,"w":0.9921127557754517},"size":359.6484680175781,"orthographic":false}