{"cameraMode":{"drawMode":0,"name":"Shaded","section":"Shading Mode"},"sceneLighting":true,"audioPlay":false,"sceneViewState":{"showFog":true,"showMaterialUpdate":false,"showSkybox":true,"showFlares":true,"showImageEffects":true,"showParticleSystems":true},"in2DMode":false,"pivot":{"x":292.76434326171877,"y":206.6995391845703,"z":145.90286254882813},"rotation":{"x":0.14520099759101869,"y":-0.03561531752347946,"z":0.0052303411066532139,"w":0.9887582063674927},"size":616.8233642578125,"orthographic":false}