{"cameraMode":{"drawMode":0,"name":"Shaded","section":"Shading Mode"},"sceneLighting":true,"audioPlay":false,"sceneViewState":{"showFog":true,"showMaterialUpdate":false,"showSkybox":true,"showFlares":true,"showImageEffects":true,"showParticleSystems":true},"in2DMode":false,"pivot":{"x":0.29024362564086916,"y":3.8569345474243166,"z":-0.23631367087364198},"rotation":{"x":0.5084584951400757,"y":0.0038748434744775297,"z":-0.0022878528106957676,"w":0.8610762357711792},"size":21.97031593322754,"orthographic":false}