{"cameraMode":{"drawMode":0,"name":"Shaded","section":"Shading Mode"},"sceneLighting":true,"audioPlay":false,"sceneViewState":{"showFog":true,"showMaterialUpdate":false,"showSkybox":true,"showFlares":true,"showImageEffects":true,"showParticleSystems":true},"in2DMode":false,"pivot":{"x":-0.4871477484703064,"y":3.949686288833618,"z":1.204514980316162},"rotation":{"x":0.22655703127384187,"y":-0.023962562903761865,"z":0.0055701714009046558,"w":0.9736950397491455},"size":23.333904266357423,"orthographic":false}