{"cameraMode":{"drawMode":0,"name":"Shaded","section":"Shading Mode"},"sceneLighting":true,"audioPlay":false,"sceneViewState":{"showFog":true,"showMaterialUpdate":false,"showSkybox":true,"showFlares":true,"showImageEffects":true,"showParticleSystems":true},"in2DMode":false,"pivot":{"x":2.610976219177246,"y":0.4999990463256836,"z":-1.3337464332580567},"rotation":{"x":0.4043675661087036,"y":-0.020575663074851037,"z":0.009099788963794709,"w":0.9143218994140625},"size":9.095736503601075,"orthographic":false}