{"cameraMode":{"drawMode":0,"name":"Shaded","section":"Shading Mode"},"sceneLighting":true,"audioPlay":false,"sceneViewState":{"showFog":true,"showMaterialUpdate":false,"showSkybox":true,"showFlares":true,"showImageEffects":true,"showParticleSystems":true},"in2DMode":false,"pivot":{"x":0.3939061462879181,"y":-11.006461143493653,"z":7.325401306152344},"rotation":{"x":0.38213250041007998,"y":0.006370846647769213,"z":-0.002640202408656478,"w":0.9240896105766296},"size":36.84873962402344,"orthographic":false}